Date;home;visitor;hgoal;vgoal;division
09.08.2013;Bayern Munchen;Bor. Monchengladbach;3;1;1
10.08.2013;Bayer Leverkusen;SC Freiburg;3;1;1
10.08.2013;Hannover 96;VfL Wolfsburg;2;0;1
10.08.2013;1899 Hoffenheim;1. FC Nurnberg;2;2;1
10.08.2013;FC Augsburg;Borussia Dortmund;0;4;1
10.08.2013;Hertha BSC;Eintracht Frankfurt;6;1;1
10.08.2013;Eintracht Braunschweig;Werder Bremen;0;1;1
11.08.2013;1. FSV Mainz 05;VfB Stuttgart;3;2;1
11.08.2013;FC Schalke 04;Hamburger SV;3;3;1
17.08.2013;VfB Stuttgart;Bayer Leverkusen;0;1;1
17.08.2013;VfL Wolfsburg;FC Schalke 04;4;0;1
17.08.2013;Werder Bremen;FC Augsburg;1;0;1
17.08.2013;SC Freiburg;1. FSV Mainz 05;1;2;1
17.08.2013;Hamburger SV;1899 Hoffenheim;1;5;1
17.08.2013;Eintracht Frankfurt;Bayern Munchen;0;1;1
17.08.2013;Bor. Monchengladbach;Hannover 96;3;0;1
18.08.2013;1. FC Nurnberg;Hertha BSC;2;2;1
18.08.2013;Borussia Dortmund;Eintracht Braunschweig;2;1;1
23.08.2013;Borussia Dortmund;Werder Bremen;1;0;1
24.08.2013;Bayern Munchen;1. FC Nurnberg;2;0;1
24.08.2013;Bayer Leverkusen;Bor. Monchengladbach;4;2;1
24.08.2013;Hannover 96;FC Schalke 04;2;1;1
24.08.2013;1899 Hoffenheim;SC Freiburg;3;3;1
24.08.2013;1. FSV Mainz 05;VfL Wolfsburg;2;0;1
24.08.2013;Hertha BSC;Hamburger SV;1;0;1
25.08.2013;Eintracht Braunschweig;Eintracht Frankfurt;0;2;1
25.08.2013;FC Augsburg;VfB Stuttgart;2;1;1
27.08.2013;SC Freiburg;Bayern Munchen;1;1;1
31.08.2013;Bor. Monchengladbach;Werder Bremen;4;1;1
31.08.2013;Hannover 96;1. FSV Mainz 05;4;1;1
31.08.2013;VfL Wolfsburg;Hertha BSC;2;0;1
31.08.2013;1. FC Nurnberg;FC Augsburg;0;1;1
31.08.2013;Hamburger SV;Eintracht Braunschweig;4;0;1
31.08.2013;FC Schalke 04;Bayer Leverkusen;2;0;1
01.09.2013;VfB Stuttgart;1899 Hoffenheim;6;2;1
01.09.2013;Eintracht Frankfurt;Borussia Dortmund;1;2;1
13.09.2013;Hertha BSC;VfB Stuttgart;0;1;1
14.09.2013;Bayern Munchen;Hannover 96;2;0;1
14.09.2013;Bayer Leverkusen;VfL Wolfsburg;3;1;1
14.09.2013;Werder Bremen;Eintracht Frankfurt;0;3;1
14.09.2013;1. FSV Mainz 05;FC Schalke 04;0;1;1
14.09.2013;FC Augsburg;SC Freiburg;2;1;1
14.09.2013;Borussia Dortmund;Hamburger SV;6;2;1
15.09.2013;1899 Hoffenheim;Bor. Monchengladbach;2;1;1
15.09.2013;Eintracht Braunschweig;1. FC Nurnberg;1;1;1
20.09.2013;Bor. Monchengladbach;Eintracht Braunschweig;4;1;1
21.09.2013;Hannover 96;FC Augsburg;2;1;1
21.09.2013;VfL Wolfsburg;1899 Hoffenheim;2;1;1
21.09.2013;1. FC Nurnberg;Borussia Dortmund;1;1;1
21.09.2013;1. FSV Mainz 05;Bayer Leverkusen;1;4;1
21.09.2013;Hamburger SV;Werder Bremen;0;2;1
21.09.2013;FC Schalke 04;Bayern Munchen;0;4;1
22.09.2013;SC Freiburg;Hertha BSC;1;1;1
22.09.2013;VfB Stuttgart;Eintracht Frankfurt;1;1;1
27.09.2013;FC Augsburg;Bor. Monchengladbach;2;2;1
28.09.2013;Borussia Dortmund;SC Freiburg;5;0;1
28.09.2013;Bayern Munchen;VfL Wolfsburg;1;0;1
28.09.2013;Bayer Leverkusen;Hannover 96;2;0;1
28.09.2013;1899 Hoffenheim;FC Schalke 04;3;3;1
28.09.2013;Hertha BSC;1. FSV Mainz 05;3;1;1
28.09.2013;Eintracht Frankfurt;Hamburger SV;2;2;1
29.09.2013;Werder Bremen;1. FC Nurnberg;3;3;1
29.09.2013;Eintracht Braunschweig;VfB Stuttgart;0;4;1
04.10.2013;Hannover 96;Hertha BSC;1;1;1
05.10.2013;FC Schalke 04;FC Augsburg;4;1;1
05.10.2013;Bor. Monchengladbach;Borussia Dortmund;2;0;1
05.10.2013;VfB Stuttgart;Werder Bremen;1;1;1
05.10.2013;VfL Wolfsburg;Eintracht Braunschweig;0;2;1
05.10.2013;1. FSV Mainz 05;1899 Hoffenheim;2;2;1
05.10.2013;Bayer Leverkusen;Bayern Munchen;1;1;1
06.10.2013;1. FC Nurnberg;Hamburger SV;0;5;1
06.10.2013;SC Freiburg;Eintracht Frankfurt;1;1;1
18.10.2013;1899 Hoffenheim;Bayer Leverkusen;1;2;1
19.10.2013;Borussia Dortmund;Hannover 96;1;0;1
19.10.2013;Bayern Munchen;1. FSV Mainz 05;4;1;1
19.10.2013;Werder Bremen;SC Freiburg;0;0;1
19.10.2013;Eintracht Braunschweig;FC Schalke 04;2;3;1
19.10.2013;Eintracht Frankfurt;1. FC Nurnberg;1;1;1
19.10.2013;Hertha BSC;Bor. Monchengladbach;1;0;1
20.10.2013;Hamburger SV;VfB Stuttgart;3;3;1
20.10.2013;FC Augsburg;VfL Wolfsburg;1;2;1
25.10.2013;VfB Stuttgart;1. FC Nurnberg;1;1;1
26.10.2013;Bayern Munchen;Hertha BSC;3;2;1
26.10.2013;FC Schalke 04;Borussia Dortmund;1;3;1
26.10.2013;Bayer Leverkusen;FC Augsburg;2;1;1
26.10.2013;Hannover 96;1899 Hoffenheim;1;4;1
26.10.2013;1. FSV Mainz 05;Eintracht Braunschweig;2;0;1
26.10.2013;VfL Wolfsburg;Werder Bremen;3;0;1
27.10.2013;SC Freiburg;Hamburger SV;0;3;1
27.10.2013;Bor. Monchengladbach;Eintracht Frankfurt;4;1;1
01.11.2013;Borussia Dortmund;VfB Stuttgart;6;1;1
02.11.2013;1. FC Nurnberg;SC Freiburg;0;3;1
02.11.2013;1899 Hoffenheim;Bayern Munchen;1;2;1
02.11.2013;Hamburger SV;Bor. Monchengladbach;0;2;1
02.11.2013;Eintracht Braunschweig;Bayer Leverkusen;1;0;1
02.11.2013;Hertha BSC;FC Schalke 04;0;2;1
02.11.2013;Eintracht Frankfurt;VfL Wolfsburg;1;2;1
03.11.2013;FC Augsburg;1. FSV Mainz 05;2;1;1
03.11.2013;Werder Bremen;Hannover 96;3;2;1
08.11.2013;Hannover 96;Eintracht Braunschweig;0;0;1
09.11.2013;Bayern Munchen;FC Augsburg;3;0;1
09.11.2013;FC Schalke 04;Werder Bremen;3;1;1
09.11.2013;Bayer Leverkusen;Hamburger SV;5;3;1
09.11.2013;VfL Wolfsburg;Borussia Dortmund;2;1;1
09.11.2013;1899 Hoffenheim;Hertha BSC;2;3;1
09.11.2013;Bor. Monchengladbach;1. FC Nurnberg;3;1;1
10.11.2013;1. FSV Mainz 05;Eintracht Frankfurt;1;0;1
10.11.2013;SC Freiburg;VfB Stuttgart;1;3;1
22.11.2013;VfB Stuttgart;Bor. Monchengladbach;0;2;1
23.11.2013;1. FC Nurnberg;VfL Wolfsburg;1;1;1
23.11.2013;FC Augsburg;1899 Hoffenheim;2;0;1
23.11.2013;Eintracht Braunschweig;SC Freiburg;0;1;1
23.11.2013;Eintracht Frankfurt;FC Schalke 04;3;3;1
23.11.2013;Hertha BSC;Bayer Leverkusen;0;1;1
23.11.2013;Borussia Dortmund;Bayern Munchen;0;3;1
24.11.2013;Hamburger SV;Hannover 96;3;1;1
24.11.2013;Werder Bremen;1. FSV Mainz 05;2;3;1
29.11.2013;VfL Wolfsburg;Hamburger SV;1;1;1
30.11.2013;Bayern Munchen;Eintracht Braunschweig;2;0;1
30.11.2013;Bayer Leverkusen;1. FC Nurnberg;3;0;1
30.11.2013;1899 Hoffenheim;Werder Bremen;4;4;1
30.11.2013;1. FSV Mainz 05;Borussia Dortmund;1;3;1
30.11.2013;Hertha BSC;FC Augsburg;0;0;1
30.11.2013;FC Schalke 04;VfB Stuttgart;3;0;1
01.12.2013;Hannover 96;Eintracht Frankfurt;2;0;1
01.12.2013;Bor. Monchengladbach;SC Freiburg;1;0;1
06.12.2013;1. FC Nurnberg;1. FSV Mainz 05;1;1;1
07.12.2013;Bor. Monchengladbach;FC Schalke 04;2;1;1
07.12.2013;VfB Stuttgart;Hannover 96;4;2;1
07.12.2013;Werder Bremen;Bayern Munchen;0;7;1
07.12.2013;Hamburger SV;FC Augsburg;0;1;1
07.12.2013;Eintracht Frankfurt;1899 Hoffenheim;1;2;1
07.12.2013;Borussia Dortmund;Bayer Leverkusen;0;1;1
08.12.2013;SC Freiburg;VfL Wolfsburg;0;3;1
08.12.2013;Eintracht Braunschweig;Hertha BSC;0;2;1
13.12.2013;Hertha BSC;Werder Bremen;3;2;1
14.12.2013;Bayern Munchen;Hamburger SV;3;1;1
14.12.2013;Hannover 96;1. FC Nurnberg;3;3;1
14.12.2013;1899 Hoffenheim;Borussia Dortmund;2;2;1
14.12.2013;1. FSV Mainz 05;Bor. Monchengladbach;0;0;1
14.12.2013;FC Augsburg;Eintracht Braunschweig;4;1;1
14.12.2013;VfL Wolfsburg;VfB Stuttgart;3;1;1
15.12.2013;FC Schalke 04;SC Freiburg;2;0;1
15.12.2013;Bayer Leverkusen;Eintracht Frankfurt;0;1;1
20.12.2013;Eintracht Frankfurt;FC Augsburg;1;1;1
21.12.2013;Borussia Dortmund;Hertha BSC;1;2;1
21.12.2013;Werder Bremen;Bayer Leverkusen;1;0;1
21.12.2013;SC Freiburg;Hannover 96;2;1;1
21.12.2013;Hamburger SV;1. FSV Mainz 05;2;3;1
21.12.2013;Eintracht Braunschweig;1899 Hoffenheim;1;0;1
21.12.2013;1. FC Nurnberg;FC Schalke 04;0;0;1
22.12.2013;Bor. Monchengladbach;VfL Wolfsburg;2;2;1
29.01.2014;VfB Stuttgart;Bayern Munchen;1;2;1
24.01.2014;Bor. Monchengladbach;Bayern Munchen;0;2;1
25.01.2014;SC Freiburg;Bayer Leverkusen;3;2;1
25.01.2014;VfL Wolfsburg;Hannover 96;1;3;1
25.01.2014;1. FC Nurnberg;1899 Hoffenheim;4;0;1
25.01.2014;VfB Stuttgart;1. FSV Mainz 05;1;2;1
25.01.2014;Borussia Dortmund;FC Augsburg;2;2;1
25.01.2014;Eintracht Frankfurt;Hertha BSC;1;0;1
26.01.2014;Werder Bremen;Eintracht Braunschweig;0;0;1
26.01.2014;Hamburger SV;FC Schalke 04;0;3;1
31.01.2014;Eintracht Braunschweig;Borussia Dortmund;1;2;1
01.02.2014;Bayer Leverkusen;VfB Stuttgart;2;1;1
01.02.2014;FC Schalke 04;VfL Wolfsburg;2;1;1
01.02.2014;FC Augsburg;Werder Bremen;3;1;1
01.02.2014;1. FSV Mainz 05;SC Freiburg;2;0;1
01.02.2014;1899 Hoffenheim;Hamburger SV;3;0;1
01.02.2014;Hannover 96;Bor. Monchengladbach;3;1;1
02.02.2014;Hertha BSC;1. FC Nurnberg;1;3;1
02.02.2014;Bayern Munchen;Eintracht Frankfurt;5;0;1
07.02.2014;Bor. Monchengladbach;Bayer Leverkusen;0;1;1
08.02.2014;Werder Bremen;Borussia Dortmund;1;5;1
08.02.2014;1. FC Nurnberg;Bayern Munchen;0;2;1
08.02.2014;SC Freiburg;1899 Hoffenheim;1;1;1
08.02.2014;VfL Wolfsburg;1. FSV Mainz 05;3;0;1
08.02.2014;Eintracht Frankfurt;Eintracht Braunschweig;3;0;1
08.02.2014;Hamburger SV;Hertha BSC;0;3;1
09.02.2014;VfB Stuttgart;FC Augsburg;1;4;1
09.02.2014;FC Schalke 04;Hannover 96;2;0;1
14.02.2014;1. FSV Mainz 05;Hannover 96;2;0;1
15.02.2014;Werder Bremen;Bor. Monchengladbach;1;1;1
15.02.2014;1899 Hoffenheim;VfB Stuttgart;4;1;1
15.02.2014;Bayern Munchen;SC Freiburg;4;0;1
15.02.2014;Eintracht Braunschweig;Hamburger SV;4;2;1
15.02.2014;Borussia Dortmund;Eintracht Frankfurt;4;0;1
15.02.2014;Bayer Leverkusen;FC Schalke 04;1;2;1
16.02.2014;FC Augsburg;1. FC Nurnberg;0;1;1
16.02.2014;Hertha BSC;VfL Wolfsburg;1;2;1
21.02.2014;FC Schalke 04;1. FSV Mainz 05;0;0;1
22.02.2014;Hamburger SV;Borussia Dortmund;3;0;1
22.02.2014;Bor. Monchengladbach;1899 Hoffenheim;2;2;1
22.02.2014;SC Freiburg;FC Augsburg;2;4;1
22.02.2014;1. FC Nurnberg;Eintracht Braunschweig;2;1;1
22.02.2014;VfB Stuttgart;Hertha BSC;1;2;1
22.02.2014;VfL Wolfsburg;Bayer Leverkusen;3;1;1
23.02.2014;Eintracht Frankfurt;Werder Bremen;0;0;1
23.02.2014;Hannover 96;Bayern Munchen;0;4;1
28.02.2014;Hertha BSC;SC Freiburg;0;0;1
01.03.2014;Eintracht Braunschweig;Bor. Monchengladbach;1;1;1
01.03.2014;FC Augsburg;Hannover 96;1;1;1
01.03.2014;Borussia Dortmund;1. FC Nurnberg;3;0;1
01.03.2014;Bayer Leverkusen;1. FSV Mainz 05;0;1;1
01.03.2014;Werder Bremen;Hamburger SV;1;0;1
01.03.2014;Bayern Munchen;FC Schalke 04;5;1;1
02.03.2014;1899 Hoffenheim;VfL Wolfsburg;6;2;1
02.03.2014;Eintracht Frankfurt;VfB Stuttgart;2;1;1
08.03.2014;VfL Wolfsburg;Bayern Munchen;1;6;1
08.03.2014;Hannover 96;Bayer Leverkusen;1;1;1
08.03.2014;FC Schalke 04;1899 Hoffenheim;4;0;1
08.03.2014;Bor. Monchengladbach;FC Augsburg;1;2;1
08.03.2014;VfB Stuttgart;Eintracht Braunschweig;2;2;1
08.03.2014;Hamburger SV;Eintracht Frankfurt;1;1;1
08.03.2014;1. FC Nurnberg;Werder Bremen;0;2;1
09.03.2014;SC Freiburg;Borussia Dortmund;0;1;1
09.03.2014;1. FSV Mainz 05;Hertha BSC;1;1;1
14.03.2014;FC Augsburg;FC Schalke 04;1;2;1
15.03.2014;Borussia Dortmund;Bor. Monchengladbach;1;2;1
15.03.2014;Werder Bremen;VfB Stuttgart;1;1;1
15.03.2014;Hertha BSC;Hannover 96;0;3;1
15.03.2014;Eintracht Braunschweig;VfL Wolfsburg;1;1;1
15.03.2014;1899 Hoffenheim;1. FSV Mainz 05;2;4;1
15.03.2014;Bayern Munchen;Bayer Leverkusen;2;1;1
16.03.2014;Hamburger SV;1. FC Nurnberg;2;1;1
16.03.2014;Eintracht Frankfurt;SC Freiburg;1;4;1
21.03.2014;SC Freiburg;Werder Bremen;3;1;1
22.03.2014;Hannover 96;Borussia Dortmund;0;3;1
22.03.2014;1. FSV Mainz 05;Bayern Munchen;0;2;1
22.03.2014;VfL Wolfsburg;FC Augsburg;1;1;1
22.03.2014;VfB Stuttgart;Hamburger SV;1;0;1
22.03.2014;FC Schalke 04;Eintracht Braunschweig;3;1;1
22.03.2014;Bor. Monchengladbach;Hertha BSC;3;0;1
23.03.2014;1. FC Nurnberg;Eintracht Frankfurt;2;5;1
23.03.2014;Bayer Leverkusen;1899 Hoffenheim;2;3;1
25.03.2014;Hertha BSC;Bayern Munchen;1;3;1
25.03.2014;Borussia Dortmund;FC Schalke 04;0;0;1
25.03.2014;Werder Bremen;VfL Wolfsburg;1;3;1
25.03.2014;Eintracht Braunschweig;1. FSV Mainz 05;3;1;1
26.03.2014;Eintracht Frankfurt;Bor. Monchengladbach;1;0;1
26.03.2014;FC Augsburg;Bayer Leverkusen;1;3;1
26.03.2014;1. FC Nurnberg;VfB Stuttgart;2;0;1
26.03.2014;1899 Hoffenheim;Hannover 96;3;1;1
26.03.2014;Hamburger SV;SC Freiburg;1;1;1
28.03.2014;FC Schalke 04;Hertha BSC;2;0;1
29.03.2014;VfB Stuttgart;Borussia Dortmund;2;3;1
29.03.2014;Bayern Munchen;1899 Hoffenheim;3;3;1
29.03.2014;1. FSV Mainz 05;FC Augsburg;3;0;1
29.03.2014;Bayer Leverkusen;Eintracht Braunschweig;1;1;1
29.03.2014;VfL Wolfsburg;Eintracht Frankfurt;2;1;1
29.03.2014;SC Freiburg;1. FC Nurnberg;3;2;1
30.03.2014;Bor. Monchengladbach;Hamburger SV;3;1;1
30.03.2014;Hannover 96;Werder Bremen;1;2;1
04.04.2014;Hamburger SV;Bayer Leverkusen;2;1;1
05.04.2014;FC Augsburg;Bayern Munchen;1;0;1
05.04.2014;Werder Bremen;FC Schalke 04;1;1;1
05.04.2014;1. FC Nurnberg;Bor. Monchengladbach;0;2;1
05.04.2014;VfB Stuttgart;SC Freiburg;2;0;1
05.04.2014;Eintracht Frankfurt;1. FSV Mainz 05;2;0;1
05.04.2014;Borussia Dortmund;VfL Wolfsburg;2;1;1
06.04.2014;Eintracht Braunschweig;Hannover 96;3;0;1
06.04.2014;Hertha BSC;1899 Hoffenheim;1;1;1
11.04.2014;FC Schalke 04;Eintracht Frankfurt;2;0;1
12.04.2014;1. FSV Mainz 05;Werder Bremen;3;0;1
12.04.2014;VfL Wolfsburg;1. FC Nurnberg;4;1;1
12.04.2014;Hannover 96;Hamburger SV;2;1;1
12.04.2014;SC Freiburg;Eintracht Braunschweig;2;0;1
12.04.2014;Bor. Monchengladbach;VfB Stuttgart;1;1;1
12.04.2014;Bayern Munchen;Borussia Dortmund;0;3;1
13.04.2014;Bayer Leverkusen;Hertha BSC;2;1;1
13.04.2014;1899 Hoffenheim;FC Augsburg;2;0;1
17.04.2014;Eintracht Frankfurt;Hannover 96;2;3;1
19.04.2014;Eintracht Braunschweig;Bayern Munchen;0;2;1
19.04.2014;SC Freiburg;Bor. Monchengladbach;4;2;1
19.04.2014;Werder Bremen;1899 Hoffenheim;3;1;1
19.04.2014;Borussia Dortmund;1. FSV Mainz 05;4;2;1
19.04.2014;FC Augsburg;Hertha BSC;0;0;1
19.04.2014;Hamburger SV;VfL Wolfsburg;1;3;1
20.04.2014;1. FC Nurnberg;Bayer Leverkusen;1;4;1
20.04.2014;VfB Stuttgart;FC Schalke 04;3;1;1
25.04.2014;Hannover 96;VfB Stuttgart;0;0;1
26.04.2014;Bayern Munchen;Werder Bremen;5;2;1
26.04.2014;1. FSV Mainz 05;1. FC Nurnberg;2;0;1
26.04.2014;VfL Wolfsburg;SC Freiburg;2;2;1
26.04.2014;Hertha BSC;Eintracht Braunschweig;2;0;1
26.04.2014;1899 Hoffenheim;Eintracht Frankfurt;0;0;1
26.04.2014;Bayer Leverkusen;Borussia Dortmund;2;2;1
27.04.2014;FC Augsburg;Hamburger SV;3;1;1
27.04.2014;FC Schalke 04;Bor. Monchengladbach;0;1;1
03.05.2014;Hamburger SV;Bayern Munchen;1;4;1
03.05.2014;SC Freiburg;FC Schalke 04;0;2;1
03.05.2014;Eintracht Frankfurt;Bayer Leverkusen;0;2;1
03.05.2014;1. FC Nurnberg;Hannover 96;0;2;1
03.05.2014;VfB Stuttgart;VfL Wolfsburg;1;2;1
03.05.2014;Borussia Dortmund;1899 Hoffenheim;3;2;1
03.05.2014;Bor. Monchengladbach;1. FSV Mainz 05;3;1;1
03.05.2014;Eintracht Braunschweig;FC Augsburg;0;1;1
03.05.2014;Werder Bremen;Hertha BSC;2;0;1
10.05.2014;Hertha BSC;Borussia Dortmund;0;4;1
10.05.2014;VfL Wolfsburg;Bor. Monchengladbach;3;1;1
10.05.2014;Bayern Munchen;VfB Stuttgart;1;0;1
10.05.2014;Bayer Leverkusen;Werder Bremen;2;1;1
10.05.2014;FC Schalke 04;1. FC Nurnberg;4;1;1
10.05.2014;Hannover 96;SC Freiburg;3;2;1
10.05.2014;1. FSV Mainz 05;Hamburger SV;3;2;1
10.05.2014;1899 Hoffenheim;Eintracht Braunschweig;3;1;1
10.05.2014;FC Augsburg;Eintracht Frankfurt;2;1;1
19.07.2013;SV Sandhausen;VfR Aalen;0;0;2
19.07.2013;FC Ingolstadt 04;Erzgebirge Aue;1;2;2
19.07.2013;FC St. Pauli;1860 Munchen;1;0;2
20.07.2013;SC Paderborn 07;1. FC Kaiserslautern;0;1;2
20.07.2013;Dynamo Dresden;1. FC Koln;1;1;2
21.07.2013;SpVgg Greuther Furth;Arminia Bielefeld;2;0;2
21.07.2013;FSV Frankfurt;Karlsruher SC;0;1;2
21.07.2013;1. FC Union Berlin;VfL Bochum;1;2;2
22.07.2013;Fortuna Dusseldorf;Energie Cottbus;1;0;2
26.07.2013;VfR Aalen;SpVgg Greuther Furth;0;2;2
26.07.2013;Arminia Bielefeld;1. FC Union Berlin;1;1;2
26.07.2013;1. FC Kaiserslautern;FC Ingolstadt 04;3;1;2
27.07.2013;Erzgebirge Aue;SV Sandhausen;1;0;2
27.07.2013;Karlsruher SC;FC St. Pauli;0;0;2
28.07.2013;1860 Munchen;FSV Frankfurt;2;1;2
28.07.2013;Energie Cottbus;SC Paderborn 07;4;0;2
28.07.2013;1. FC Koln;Fortuna Dusseldorf;1;1;2
29.07.2013;VfL Bochum;Dynamo Dresden;1;1;2
09.08.2013;Fortuna Dusseldorf;1860 Munchen;1;2;2
09.08.2013;FSV Frankfurt;VfL Bochum;1;0;2
09.08.2013;Dynamo Dresden;1. FC Union Berlin;1;3;2
10.08.2013;SC Paderborn 07;1. FC Koln;1;1;2
10.08.2013;FC Ingolstadt 04;Karlsruher SC;0;2;2
11.08.2013;FC St. Pauli;Arminia Bielefeld;0;1;2
11.08.2013;SV Sandhausen;Energie Cottbus;2;2;2
11.08.2013;Erzgebirge Aue;VfR Aalen;0;1;2
12.08.2013;SpVgg Greuther Furth;1. FC Kaiserslautern;2;1;2
16.08.2013;Karlsruher SC;SpVgg Greuther Furth;1;2;2
16.08.2013;Arminia Bielefeld;SC Paderborn 07;3;3;2
16.08.2013;VfL Bochum;FC St. Pauli;2;2;2
17.08.2013;1. FC Kaiserslautern;Erzgebirge Aue;2;1;2
17.08.2013;1. FC Koln;SV Sandhausen;2;0;2
18.08.2013;1860 Munchen;FC Ingolstadt 04;1;0;2
18.08.2013;Energie Cottbus;VfR Aalen;5;1;2
18.08.2013;Dynamo Dresden;FSV Frankfurt;0;3;2
19.08.2013;1. FC Union Berlin;Fortuna Dusseldorf;2;1;2
23.08.2013;SV Sandhausen;Karlsruher SC;1;1;2
23.08.2013;FC Ingolstadt 04;Arminia Bielefeld;3;2;2
23.08.2013;Erzgebirge Aue;Energie Cottbus;2;1;2
24.08.2013;SpVgg Greuther Furth;1. FC Koln;0;0;2
24.08.2013;VfR Aalen;1. FC Kaiserslautern;4;0;2
25.08.2013;Fortuna Dusseldorf;VfL Bochum;1;0;2
25.08.2013;FSV Frankfurt;1. FC Union Berlin;1;1;2
25.08.2013;SC Paderborn 07;1860 Munchen;1;0;2
26.08.2013;FC St. Pauli;Dynamo Dresden;2;1;2
30.08.2013;FSV Frankfurt;SpVgg Greuther Furth;1;1;2
30.08.2013;1860 Munchen;SV Sandhausen;0;2;2
30.08.2013;Arminia Bielefeld;Fortuna Dusseldorf;4;2;2
31.08.2013;1. FC Union Berlin;FC St. Pauli;3;2;2
31.08.2013;VfL Bochum;SC Paderborn 07;4;2;2
01.09.2013;1. FC Koln;Erzgebirge Aue;4;1;2
01.09.2013;Dynamo Dresden;FC Ingolstadt 04;1;1;2
01.09.2013;Karlsruher SC;VfR Aalen;1;1;2
02.09.2013;1. FC Kaiserslautern;Energie Cottbus;2;2;2
13.09.2013;VfR Aalen;1860 Munchen;0;0;2
13.09.2013;SC Paderborn 07;Karlsruher SC;1;0;2
13.09.2013;Erzgebirge Aue;Arminia Bielefeld;0;2;2
14.09.2013;FC St. Pauli;FSV Frankfurt;2;1;2
14.09.2013;SV Sandhausen;1. FC Kaiserslautern;1;0;2
15.09.2013;Fortuna Dusseldorf;Dynamo Dresden;1;1;2
15.09.2013;SpVgg Greuther Furth;VfL Bochum;0;2;2
15.09.2013;FC Ingolstadt 04;1. FC Union Berlin;0;1;2
16.09.2013;Energie Cottbus;1. FC Koln;0;4;2
20.09.2013;1. FC Koln;1. FC Kaiserslautern;0;0;2
20.09.2013;1. FC Union Berlin;SpVgg Greuther Furth;2;4;2
20.09.2013;Karlsruher SC;Energie Cottbus;2;0;2
21.09.2013;1860 Munchen;Erzgebirge Aue;3;1;2
21.09.2013;VfL Bochum;VfR Aalen;1;2;2
21.09.2013;Arminia Bielefeld;SV Sandhausen;2;1;2
22.09.2013;FSV Frankfurt;FC Ingolstadt 04;4;1;2
22.09.2013;Dynamo Dresden;SC Paderborn 07;2;2;2
23.09.2013;FC St. Pauli;Fortuna Dusseldorf;1;1;2
27.09.2013;Energie Cottbus;Arminia Bielefeld;4;2;2
27.09.2013;Erzgebirge Aue;Karlsruher SC;3;0;2
27.09.2013;VfR Aalen;1. FC Koln;0;1;2
28.09.2013;Fortuna Dusseldorf;FSV Frankfurt;0;0;2
28.09.2013;SC Paderborn 07;1. FC Union Berlin;0;3;2
29.09.2013;1. FC Kaiserslautern;1860 Munchen;3;0;2
29.09.2013;SV Sandhausen;VfL Bochum;1;0;2
29.09.2013;FC Ingolstadt 04;FC St. Pauli;1;2;2
30.09.2013;SpVgg Greuther Furth;Dynamo Dresden;4;0;2
04.10.2013;1. FC Union Berlin;SV Sandhausen;3;0;2
04.10.2013;FC St. Pauli;SC Paderborn 07;1;2;2
04.10.2013;Arminia Bielefeld;1. FC Kaiserslautern;0;3;2
05.10.2013;Dynamo Dresden;VfR Aalen;2;0;2
05.10.2013;Karlsruher SC;1. FC Koln;1;2;2
06.10.2013;FSV Frankfurt;Erzgebirge Aue;3;1;2
06.10.2013;1860 Munchen;Energie Cottbus;0;0;2
06.10.2013;VfL Bochum;FC Ingolstadt 04;0;1;2
07.10.2013;Fortuna Dusseldorf;SpVgg Greuther Furth;2;1;2
18.10.2013;Energie Cottbus;1. FC Union Berlin;0;0;2
18.10.2013;VfR Aalen;Arminia Bielefeld;3;0;2
18.10.2013;SC Paderborn 07;FSV Frankfurt;4;2;2
19.10.2013;SV Sandhausen;Dynamo Dresden;0;0;2
19.10.2013;Erzgebirge Aue;VfL Bochum;2;1;2
20.10.2013;SpVgg Greuther Furth;FC St. Pauli;2;4;2
20.10.2013;1. FC Kaiserslautern;Karlsruher SC;2;2;2
20.10.2013;FC Ingolstadt 04;Fortuna Dusseldorf;1;2;2
21.10.2013;1. FC Koln;1860 Munchen;0;0;2
25.10.2013;SpVgg Greuther Furth;FC Ingolstadt 04;0;1;2
25.10.2013;FC St. Pauli;SV Sandhausen;0;0;2
25.10.2013;Arminia Bielefeld;1. FC Koln;0;1;2
26.10.2013;Fortuna Dusseldorf;SC Paderborn 07;1;6;2
26.10.2013;FSV Frankfurt;VfR Aalen;0;0;2
27.10.2013;1. FC Union Berlin;Erzgebirge Aue;1;0;2
27.10.2013;Dynamo Dresden;Energie Cottbus;1;0;2
27.10.2013;Karlsruher SC;1860 Munchen;2;1;2
28.10.2013;VfL Bochum;1. FC Kaiserslautern;0;0;2
01.11.2013;Energie Cottbus;VfL Bochum;0;1;2
01.11.2013;VfR Aalen;Fortuna Dusseldorf;1;0;2
01.11.2013;SC Paderborn 07;FC Ingolstadt 04;1;1;2
02.11.2013;1. FC Kaiserslautern;FC St. Pauli;4;1;2
02.11.2013;Erzgebirge Aue;SpVgg Greuther Furth;2;6;2
03.11.2013;1860 Munchen;Dynamo Dresden;1;3;2
03.11.2013;SV Sandhausen;FSV Frankfurt;2;0;2
03.11.2013;Karlsruher SC;Arminia Bielefeld;3;1;2
04.11.2013;1. FC Koln;1. FC Union Berlin;4;0;2
08.11.2013;SpVgg Greuther Furth;SC Paderborn 07;3;0;2
08.11.2013;FSV Frankfurt;1. FC Kaiserslautern;0;4;2
08.11.2013;FC Ingolstadt 04;VfR Aalen;2;0;2
09.11.2013;1. FC Union Berlin;Karlsruher SC;0;0;2
09.11.2013;Arminia Bielefeld;1860 Munchen;0;1;2
10.11.2013;Fortuna Dusseldorf;SV Sandhausen;1;0;2
10.11.2013;VfL Bochum;1. FC Koln;1;0;2
10.11.2013;Dynamo Dresden;Erzgebirge Aue;1;1;2
11.11.2013;FC St. Pauli;Energie Cottbus;3;0;2
22.11.2013;Energie Cottbus;FSV Frankfurt;1;4;2
22.11.2013;SV Sandhausen;SC Paderborn 07;3;2;2
22.11.2013;Arminia Bielefeld;VfL Bochum;0;2;2
23.11.2013;1. FC Kaiserslautern;1. FC Union Berlin;3;0;2
23.11.2013;1. FC Koln;FC Ingolstadt 04;0;1;2
24.11.2013;VfR Aalen;FC St. Pauli;0;1;2
24.11.2013;Erzgebirge Aue;Fortuna Dusseldorf;3;0;2
24.11.2013;Karlsruher SC;Dynamo Dresden;3;0;2
25.11.2013;1860 Munchen;SpVgg Greuther Furth;1;0;2
29.11.2013;Fortuna Dusseldorf;Karlsruher SC;0;2;2
29.11.2013;1. FC Union Berlin;VfR Aalen;1;3;2
29.11.2013;FC St. Pauli;1. FC Koln;0;3;2
30.11.2013;FC Ingolstadt 04;SV Sandhausen;0;2;2
30.11.2013;Dynamo Dresden;1. FC Kaiserslautern;3;2;2
01.12.2013;SpVgg Greuther Furth;Energie Cottbus;1;0;2
01.12.2013;SC Paderborn 07;Erzgebirge Aue;1;1;2
01.12.2013;VfL Bochum;1860 Munchen;1;2;2
02.12.2013;FSV Frankfurt;Arminia Bielefeld;1;2;2
06.12.2013;Erzgebirge Aue;FC St. Pauli;0;2;2
06.12.2013;Karlsruher SC;VfL Bochum;0;0;2
06.12.2013;Arminia Bielefeld;Dynamo Dresden;1;1;2
07.12.2013;1. FC Koln;FSV Frankfurt;2;0;2
07.12.2013;1860 Munchen;1. FC Union Berlin;2;1;2
08.12.2013;Energie Cottbus;FC Ingolstadt 04;1;2;2
08.12.2013;VfR Aalen;SC Paderborn 07;2;4;2
08.12.2013;SV Sandhausen;SpVgg Greuther Furth;1;3;2
09.12.2013;1. FC Kaiserslautern;Fortuna Dusseldorf;0;1;2
13.12.2013;1. FC Kaiserslautern;SC Paderborn 07;0;1;2
13.12.2013;1. FC Koln;Dynamo Dresden;3;1;2
13.12.2013;VfR Aalen;SV Sandhausen;0;0;2
14.12.2013;Energie Cottbus;Fortuna Dusseldorf;1;3;2
14.12.2013;VfL Bochum;1. FC Union Berlin;0;4;2
15.12.2013;Erzgebirge Aue;FC Ingolstadt 04;0;0;2
15.12.2013;Karlsruher SC;FSV Frankfurt;3;3;2
15.12.2013;Arminia Bielefeld;SpVgg Greuther Furth;4;1;2
16.12.2013;1860 Munchen;FC St. Pauli;0;2;2
20.12.2013;FC St. Pauli;Karlsruher SC;0;2;2
20.12.2013;SV Sandhausen;Erzgebirge Aue;1;0;2
20.12.2013;Dynamo Dresden;VfL Bochum;0;0;2
21.12.2013;FSV Frankfurt;1860 Munchen;2;2;2
21.12.2013;1. FC Union Berlin;Arminia Bielefeld;4;2;2
22.12.2013;SpVgg Greuther Furth;VfR Aalen;1;0;2
22.12.2013;SC Paderborn 07;Energie Cottbus;1;0;2
22.12.2013;Fortuna Dusseldorf;1. FC Koln;2;3;2
23.12.2013;FC Ingolstadt 04;1. FC Kaiserslautern;1;2;2
07.02.2014;Energie Cottbus;SV Sandhausen;0;1;2
07.02.2014;VfR Aalen;Erzgebirge Aue;2;2;2
07.02.2014;VfL Bochum;FSV Frankfurt;1;2;2
08.02.2014;1. FC Kaiserslautern;SpVgg Greuther Furth;2;1;2
08.02.2014;1. FC Union Berlin;Dynamo Dresden;0;0;2
09.02.2014;1. FC Koln;SC Paderborn 07;0;1;2
09.02.2014;Karlsruher SC;FC Ingolstadt 04;1;1;2
09.02.2014;Arminia Bielefeld;FC St. Pauli;2;2;2
10.02.2014;1860 Munchen;Fortuna Dusseldorf;1;1;2
14.02.2014;Fortuna Dusseldorf;1. FC Union Berlin;1;1;2
14.02.2014;SpVgg Greuther Furth;Karlsruher SC;1;1;2
14.02.2014;FC Ingolstadt 04;1860 Munchen;2;0;2
15.02.2014;FSV Frankfurt;Dynamo Dresden;3;2;2
15.02.2014;FC St. Pauli;VfL Bochum;0;1;2
16.02.2014;VfR Aalen;Energie Cottbus;2;2;2
16.02.2014;SV Sandhausen;1. FC Koln;0;1;2
16.02.2014;SC Paderborn 07;Arminia Bielefeld;4;0;2
17.02.2014;Erzgebirge Aue;1. FC Kaiserslautern;1;0;2
21.02.2014;1. FC Union Berlin;FSV Frankfurt;2;0;2
21.02.2014;Energie Cottbus;Erzgebirge Aue;2;3;2
21.02.2014;Arminia Bielefeld;FC Ingolstadt 04;0;2;2
22.02.2014;1860 Munchen;SC Paderborn 07;2;2;2
22.02.2014;Karlsruher SC;SV Sandhausen;2;1;2
23.02.2014;1. FC Kaiserslautern;VfR Aalen;1;2;2
23.02.2014;VfL Bochum;Fortuna Dusseldorf;0;0;2
23.02.2014;Dynamo Dresden;FC St. Pauli;1;2;2
24.02.2014;1. FC Koln;SpVgg Greuther Furth;1;1;2
28.02.2014;Fortuna Dusseldorf;Arminia Bielefeld;2;0;2
28.02.2014;Energie Cottbus;1. FC Kaiserslautern;1;0;2
28.02.2014;SC Paderborn 07;VfL Bochum;4;1;2
01.03.2014;SV Sandhausen;1860 Munchen;0;0;2
01.03.2014;Erzgebirge Aue;1. FC Koln;2;2;2
02.03.2014;SpVgg Greuther Furth;FSV Frankfurt;3;2;2
02.03.2014;VfR Aalen;Karlsruher SC;1;0;2
02.03.2014;FC Ingolstadt 04;Dynamo Dresden;1;1;2
03.03.2014;FC St. Pauli;1. FC Union Berlin;2;1;2
07.03.2014;1. FC Kaiserslautern;SV Sandhausen;2;1;2
07.03.2014;1860 Munchen;VfR Aalen;4;0;2
07.03.2014;1. FC Koln;Energie Cottbus;2;1;2
08.03.2014;1. FC Union Berlin;FC Ingolstadt 04;1;1;2
08.03.2014;Arminia Bielefeld;Erzgebirge Aue;1;0;2
09.03.2014;FSV Frankfurt;FC St. Pauli;1;0;2
09.03.2014;Dynamo Dresden;Fortuna Dusseldorf;1;1;2
09.03.2014;Karlsruher SC;SC Paderborn 07;4;0;2
10.03.2014;VfL Bochum;SpVgg Greuther Furth;0;2;2
14.03.2014;VfR Aalen;VfL Bochum;0;2;2
14.03.2014;SC Paderborn 07;Dynamo Dresden;2;1;2
14.03.2014;FC Ingolstadt 04;FSV Frankfurt;0;1;2
15.03.2014;Energie Cottbus;Karlsruher SC;1;0;2
15.03.2014;Erzgebirge Aue;1860 Munchen;2;2;2
16.03.2014;Fortuna Dusseldorf;FC St. Pauli;0;2;2
16.03.2014;SpVgg Greuther Furth;1. FC Union Berlin;1;1;2
16.03.2014;SV Sandhausen;Arminia Bielefeld;1;0;2
17.03.2014;1. FC Kaiserslautern;1. FC Koln;0;0;2
21.03.2014;1. FC Union Berlin;SC Paderborn 07;1;1;2
21.03.2014;VfL Bochum;SV Sandhausen;0;1;2
21.03.2014;Dynamo Dresden;SpVgg Greuther Furth;1;1;2
22.03.2014;FSV Frankfurt;Fortuna Dusseldorf;0;0;2
22.03.2014;1. FC Koln;VfR Aalen;0;0;2
22.03.2014;FC St. Pauli;FC Ingolstadt 04;0;0;2
23.03.2014;1860 Munchen;1. FC Kaiserslautern;0;1;2
23.03.2014;Karlsruher SC;Erzgebirge Aue;1;1;2
23.03.2014;Arminia Bielefeld;Energie Cottbus;1;3;2
25.03.2014;SpVgg Greuther Furth;Fortuna Dusseldorf;4;1;2
25.03.2014;VfR Aalen;Dynamo Dresden;1;1;2
25.03.2014;SV Sandhausen;1. FC Union Berlin;2;1;2
25.03.2014;SC Paderborn 07;FC St. Pauli;3;0;2
25.03.2014;FC Ingolstadt 04;VfL Bochum;3;0;2
26.03.2014;1. FC Kaiserslautern;Arminia Bielefeld;1;1;2
26.03.2014;1. FC Koln;Karlsruher SC;2;0;2
26.03.2014;Energie Cottbus;1860 Munchen;1;2;2
26.03.2014;Erzgebirge Aue;FSV Frankfurt;2;1;2
28.03.2014;Fortuna Dusseldorf;FC Ingolstadt 04;0;0;2
28.03.2014;FC St. Pauli;SpVgg Greuther Furth;2;2;2
28.03.2014;Dynamo Dresden;SV Sandhausen;0;0;2
29.03.2014;VfL Bochum;Erzgebirge Aue;1;0;2
29.03.2014;Karlsruher SC;1. FC Kaiserslautern;2;2;2
30.03.2014;FSV Frankfurt;SC Paderborn 07;1;3;2
30.03.2014;1860 Munchen;1. FC Koln;0;1;2
30.03.2014;Arminia Bielefeld;VfR Aalen;0;0;2
31.03.2014;1. FC Union Berlin;Energie Cottbus;2;0;2
04.04.2014;Energie Cottbus;Dynamo Dresden;0;0;2
04.04.2014;VfR Aalen;FSV Frankfurt;2;1;2
04.04.2014;SC Paderborn 07;Fortuna Dusseldorf;1;2;2
05.04.2014;1. FC Koln;Arminia Bielefeld;2;0;2
05.04.2014;SV Sandhausen;FC St. Pauli;2;3;2
06.04.2014;1. FC Kaiserslautern;VfL Bochum;1;1;2
06.04.2014;1860 Munchen;Karlsruher SC;0;3;2
06.04.2014;Erzgebirge Aue;1. FC Union Berlin;3;2;2
07.04.2014;FC Ingolstadt 04;SpVgg Greuther Furth;0;0;2
11.04.2014;1. FC Union Berlin;1. FC Koln;1;2;2
11.04.2014;FC St. Pauli;1. FC Kaiserslautern;2;3;2
11.04.2014;FC Ingolstadt 04;SC Paderborn 07;1;2;2
12.04.2014;SpVgg Greuther Furth;Erzgebirge Aue;2;1;2
12.04.2014;Arminia Bielefeld;Karlsruher SC;0;0;2
13.04.2014;Fortuna Dusseldorf;VfR Aalen;3;1;2
13.04.2014;FSV Frankfurt;SV Sandhausen;0;3;2
13.04.2014;VfL Bochum;Energie Cottbus;2;1;2
14.04.2014;Dynamo Dresden;1860 Munchen;4;2;2
17.04.2014;Energie Cottbus;FC St. Pauli;1;1;2
17.04.2014;SV Sandhausen;Fortuna Dusseldorf;0;3;2
17.04.2014;Erzgebirge Aue;Dynamo Dresden;2;0;2
19.04.2014;1860 Munchen;Arminia Bielefeld;2;1;2
19.04.2014;Karlsruher SC;1. FC Union Berlin;3;2;2
20.04.2014;1. FC Kaiserslautern;FSV Frankfurt;3;2;2
20.04.2014;VfR Aalen;FC Ingolstadt 04;0;0;2
20.04.2014;SC Paderborn 07;SpVgg Greuther Furth;2;2;2
21.04.2014;1. FC Koln;VfL Bochum;3;1;2
25.04.2014;SpVgg Greuther Furth;1860 Munchen;1;2;2
25.04.2014;FC Ingolstadt 04;1. FC Koln;1;1;2
25.04.2014;VfL Bochum;Arminia Bielefeld;1;4;2
26.04.2014;Fortuna Dusseldorf;Erzgebirge Aue;4;0;2
26.04.2014;FSV Frankfurt;Energie Cottbus;3;1;2
27.04.2014;FC St. Pauli;VfR Aalen;0;3;2
27.04.2014;SC Paderborn 07;SV Sandhausen;2;0;2
27.04.2014;Dynamo Dresden;Karlsruher SC;2;2;2
28.04.2014;1. FC Union Berlin;1. FC Kaiserslautern;1;1;2
04.05.2014;1. FC Kaiserslautern;Dynamo Dresden;4;0;2
04.05.2014;1. FC Koln;FC St. Pauli;4;0;2
04.05.2014;1860 Munchen;VfL Bochum;2;0;2
04.05.2014;Energie Cottbus;SpVgg Greuther Furth;0;6;2
04.05.2014;VfR Aalen;1. FC Union Berlin;3;0;2
04.05.2014;SV Sandhausen;FC Ingolstadt 04;0;2;2
04.05.2014;Erzgebirge Aue;SC Paderborn 07;0;2;2
04.05.2014;Karlsruher SC;Fortuna Dusseldorf;2;2;2
04.05.2014;Arminia Bielefeld;FSV Frankfurt;0;0;2
11.05.2014;Fortuna Dusseldorf;1. FC Kaiserslautern;4;2;2
11.05.2014;SpVgg Greuther Furth;SV Sandhausen;2;0;2
11.05.2014;FSV Frankfurt;1. FC Koln;2;0;2
11.05.2014;1. FC Union Berlin;1860 Munchen;1;1;2
11.05.2014;FC St. Pauli;Erzgebirge Aue;2;2;2
11.05.2014;SC Paderborn 07;VfR Aalen;2;1;2
11.05.2014;FC Ingolstadt 04;Energie Cottbus;2;0;2
11.05.2014;VfL Bochum;Karlsruher SC;1;0;2
11.05.2014;Dynamo Dresden;Arminia Bielefeld;2;3;2
